Sun Mar 15 16:19:44 2015,v1large,v2large,diff_large(FRA),,v1small,v2small,diffsmall(FRA),,Sun Mar 15 01:40:33 2015,largev1,largev2,diff_large(ASIA),,small_v1,small_v2,diff_small(ASIA),,,large_v1,large_v2,difflarge(LOC),,Small_v1,Small_v2,diff_small(LOC),,largev1(CA),largev2(CA),difflargeCA,,smallv1CA,smallv2CA,diff
number_of_requests,mean_request,mean_request,,,mean_request,mean_request,,,number_of_requests,mean_request,mean_request,,,mean_request,mean_request,,,number_of_requests,mean_request,mean_request,,,mean_request,mean_request,,,mean_request,mean_request,,,mean_request,mean_request,
1,7.099,7.846,-0.747,,8.032,6.82,1.212,,1,293.273,268.003,25.27,,289.944,284.599,5.345,,1,1.0076,0.7021,0.3055,,1.0794,5.7437,-4.6643,,158.187,152.471,5.716,,143.905,148.279,-4.374
3,6.996,6.922,0.074,,200.786,6.891,193.895,,3,292.451,269.961,22.49,,290.89,285.132,5.758,,3,1.0483,0.6901,0.3582,,229.528,0.6319,228.8961,,156.754,151.763,4.991,,146.466,147.938,-1.472
5,7.057,7.003,0.054,,7.146,6.859,0.287,,5,293.051,268.539,24.512,,289.742,284.023,5.719,,5,1.502,0.9462,0.5558,,1.2563,1.0476,0.2087,,156.495,152.157,4.338,,145.876,148.111,-2.235
7,7.033,6.98,0.053,,7.175,6.895,0.28,,7,293.245,268.789,24.456,,290.288,283.98,6.308,,7,1.925,1.495,0.43,,1.63,1.3499,0.2801,,157.529,151.324,6.205,,145.408,148.227,-2.819
9,7.039,7.001,0.038,,7.176,6.88,0.296,,9,293.549,268.467,25.082,,289.902,284.257,5.645,,9,2.485,2.405,0.08,,1.929,2.324,-0.395,,157.78,152.069,5.711,,146.31,148.031,-1.721
11,7.047,7.242,-0.195,,7.113,6.875,0.238,,11,292.822,268.145,24.677,,289.995,284.51,5.485,,11,2.882,2.362,0.52,,2.398,2.408,-0.01,,156.273,152.124,4.149,,146.138,147.736,-1.598
13,7.047,6.968,0.079,,7.147,6.893,0.254,,13,293.466,268.731,24.735,,290.215,284.34,5.875,,13,3.735,2.655,1.08,,2.75,2.863,-0.113,,157.472,151.455,6.017,,145.613,147.938,-2.325
15,7.082,6.879,0.203,,7.148,6.826,0.322,,15,293.189,268.915,24.274,,289.868,283.87,5.998,,15,4.088,3.881,0.207,,3.181,3.551,-0.37,,157.142,151.906,5.236,,145.582,147.95,-2.368
17,7.062,6.973,0.089,,7.203,6.957,0.246,,17,293.146,268.37,24.776,,289.927,283.209,6.718,,17,4.713,5.036,-0.323,,4.687,4.153,0.534,,153.124,151.86,1.264,,145.721,147.707,-1.986
19,7.102,7.011,0.091,,7.166,7.11,0.056,,19,293.042,292.442,0.6,,290.507,281.458,9.049,,19,5.585,5.451,0.134,,5.14,5.119,0.021,,152.679,151.636,1.043,,145.706,147.872,-2.166
21,7.132,6.928,0.204,,7.197,6.92,0.277,,21,292.762,268.456,24.306,,290.058,280.414,9.644,,21,5.988,6.002,-0.014,,5.566,5.154,0.412,,152.858,151.466,1.392,,145.574,147.867,-2.293
23,7.188,7.029,0.159,,7.194,6.937,0.257,,23,292.788,268.711,24.077,,289.941,280.786,9.155,,23,6.688,6.919,-0.231,,6.542,6.157,0.385,,152.9,151.225,1.675,,145.517,148.007,-2.49
25,7.258,7.093,0.165,,7.234,7.037,0.197,,25,293.319,286.55,6.769,,290.034,281.388,8.646,,25,8.265,7.172,1.093,,6.486,7.033,-0.547,,153.076,151.561,1.515,,146.642,147.804,-1.162
27,7.35,7.172,0.178,,7.341,7.03,0.311,,27,293.441,268.416,25.025,,289.761,281.196,8.565,,27,8.983,8.293,0.69,,7.152,7.543,-0.391,,152.916,151.913,1.003,,146.19,148.016,-1.826
29,7.386,7.234,0.152,,7.411,7.157,0.254,,29,292.745,308.999,-16.254,,290.066,280.945,9.121,,29,9.509,8.018,1.491,,7.887,8.047,-0.16,,152.746,151.703,1.043,,145.851,148.168,-2.317
31,7.421,7.498,-0.077,,7.545,7.247,0.298,,31,292.843,269.247,23.596,,290.28,280.867,9.413,,31,10.012,9.018,0.994,,8.588,7.809,0.779,,152.753,151.893,0.86,,146.031,147.973,-1.942
33,7.589,7.541,0.048,,7.595,7.235,0.36,,33,293.193,268.392,24.801,,290.447,281.118,9.329,,33,9.943,8.804,1.139,,9.143,8.557,0.586,,152.826,151.89,0.936,,145.516,148.072,-2.556
35,7.695,7.466,0.229,,7.828,7.337,0.491,,35,293.28,291.931,1.349,,290.172,281.329,8.843,,35,11.154,9.413,1.741,,9.91,8.767,1.143,,157.295,151.859,5.436,,145.682,147.996,-2.314
37,7.843,7.584,0.259,,7.925,7.444,0.481,,37,292.902,268.661,24.241,,289.997,281.267,8.73,,37,12.259,10.519,1.74,,10.044,9.64,0.404,,152.807,152.46,0.347,,145.927,148.065,-2.138
39,7.952,7.61,0.342,,7.965,7.414,0.551,,39,292.889,268.539,24.35,,290.122,280.815,9.307,,39,12.544,10.793,1.751,,11.278,11.101,0.177,,153.033,152.246,0.787,,145.581,147.95,-2.369
41,8.014,7.617,0.397,,8.156,7.59,0.566,,41,293.118,268.421,24.697,,290.062,280.983,9.079,,41,13.443,11.388,2.055,,11.449,11.247,0.202,,153.751,152.174,1.577,,146.039,147.874,-1.835
43,8.484,7.912,0.572,,8.221,7.852,0.369,,43,293.032,268.432,24.6,,289.977,281.082,8.895,,43,14.124,12.025,2.099,,12.24,12.046,0.194,,153.378,152.415,0.963,,145.635,148.63,-2.995
45,8.595,7.578,1.017,,8.031,8.009,0.022,,45,293.16,268.696,24.464,,290.074,281.106,8.968,,45,14.034,11.376,2.658,,12.249,12.419,-0.17,,153.249,162.112,-8.863,,146.008,148.963,-2.955
47,8.551,8.049,0.502,,8.368,7.81,0.558,,47,292.667,268.724,23.943,,290.167,281.02,9.147,,47,15.123,13.028,2.095,,13.369,13.219,0.15,,153.343,152.625,0.718,,145.755,149.029,-3.274
49,8.426,8.1,0.326,,8.584,8.181,0.403,,49,293.116,268.754,24.362,,290.044,281.222,8.822,,49,15.538,13.368,2.17,,13.263,12.749,0.514,,154.049,152.297,1.752,,145.802,148.084,-2.282
51,9.165,8.302,0.863,,8.894,7.785,1.109,,51,293.021,268.527,24.494,,289.944,281.074,8.87,,51,15.784,13.724,2.06,,14.705,13.785,0.92,,155.278,152.405,2.873,,145.99,148.222,-2.232
53,9.143,8.333,0.81,,8.746,8.14,0.606,,53,292.779,268.617,24.162,,290.066,281.099,8.967,,53,16.903,14.892,2.011,,15.574,14.848,0.726,,153.51,152.344,1.166,,145.842,148.846,-3.004
55,9.548,8.381,1.167,,9.187,8.095,1.092,,55,293.022,269.388,23.634,,290.195,281.263,8.932,,55,17.496,14.459,3.037,,15.508,15.021,0.487,,153.999,153.24,0.759,,145.785,148.363,-2.578
57,10.057,8.336,1.721,,10.245,8.472,1.773,,57,287.419,268.103,19.316,,290.098,280.892,9.206,,57,17.586,15.278,2.308,,16.781,15.881,0.9,,154.131,156.255,-2.124,,145.801,148.314,-2.513
59,9.332,8.263,1.069,,9.6,8.31,1.29,,59,281.326,268.258,13.068,,289.97,280.849,9.121,,59,19.005,15.978,3.027,,17.347,16.322,1.025,,155.032,156.872,-1.84,,145.76,148.069,-2.309
61,9.795,8.847,0.948,,9.514,8.261,1.253,,61,281.22,268.34,12.88,,290.172,281.102,9.07,,61,19.541,16.669,2.872,,17.744,15.947,1.797,,154.233,156.23,-1.997,,145.838,147.971,-2.133
63,9.813,8.547,1.266,,9.646,8.607,1.039,,63,281.475,268.205,13.27,,290.031,280.84,9.191,,63,19.376,18.093,1.283,,17.966,16.454,1.512,,154.023,156.454,-2.431,,145.83,148.108,-2.278
65,9.961,8.641,1.32,,9.222,8.416,0.806,,65,281.564,268.578,12.986,,299.063,281.118,17.945,,65,19.638,19.266,0.372,,18.399,17.741,0.658,,153.691,156.521,-2.83,,145.726,148.248,-2.522
67,10.165,9.008,1.157,,9.275,8.322,0.953,,67,281.162,268.586,12.576,,290.134,281.182,8.952,,67,18.659,18.781,-0.122,,19.215,17.709,1.506,,153.612,156.582,-2.97,,145.896,148.304,-2.408
69,10.293,8.952,1.341,,9.778,8.635,1.143,,69,281.332,268.304,13.028,,290.068,281,9.068,,69,20.098,20.144,-0.046,,19.3,18.151,1.149,,153.807,156.856,-3.049,,145.77,148.354,-2.584
71,10.012,9.125,0.887,,9.984,8.579,1.405,,71,281.145,268.566,12.579,,290.091,281.093,8.998,,71,19.504,20.204,-0.7,,20.927,18.665,2.262,,153.786,156.509,-2.723,,145.891,148.039,-2.148
73,11.299,8.562,2.737,,10.375,8.943,1.432,,73,281.617,268.455,13.162,,289.786,280.787,8.999,,73,21.448,20.906,0.542,,21.33,19.51,1.82,,153.875,157,-3.125,,145.703,148.065,-2.362
75,10.251,8.799,1.452,,10.49,8.822,1.668,,75,281.38,268.628,12.752,,289.924,281.06,8.864,,75,22.671,21.405,1.266,,21.968,19.501,2.467,,153.979,157.227,-3.248,,145.872,148.14,-2.268
77,11.096,9.663,1.433,,9.714,8.792,0.922,,77,281.393,268.319,13.074,,290.113,281.219,8.894,,77,22.971,22.826,0.145,,23.173,20.759,2.414,,153.944,157.052,-3.108,,145.639,147.964,-2.325
79,11.427,9.172,2.255,,10.22,8.916,1.304,,79,281.351,268.492,12.859,,290.126,280.815,9.311,,79,26.268,23.136,3.132,,21.001,20.749,0.252,,154.071,156.72,-2.649,,145.672,147.978,-2.306
81,10.363,9.465,0.898,,10.031,9.374,0.657,,81,281.492,268.452,13.04,,289.965,280.914,9.051,,81,26.945,24.2,2.745,,22.698,21.559,1.139,,153.96,156.999,-3.039,,146.061,148.469,-2.408
83,11.244,9.265,1.979,,10.829,8.564,2.265,,83,281.253,268.576,12.677,,290.114,281.211,8.903,,83,26.89,24.211,2.679,,32.174,21.953,10.221,,154.199,156.835,-2.636,,146.529,148.118,-1.589
85,11.431,9.677,1.754,,10.803,9.301,1.502,,85,281.525,268.639,12.886,,290.077,281.075,9.002,,85,28.215,24.365,3.85,,22.238,21.975,0.263,,154.889,156.881,-1.992,,146.179,148.529,-2.35
87,11.574,9.502,2.072,,10.304,9.397,0.907,,87,281.323,276.354,4.969,,289.982,280.946,9.036,,87,28.889,25.334,3.555,,24.747,23.002,1.745,,154.225,157.003,-2.778,,146.168,148.358,-2.19
89,11.852,9.411,2.441,,10.723,9.298,1.425,,89,281.457,268.503,12.954,,289.924,280.961,8.963,,89,29.615,23.883,5.732,,24.469,24.314,0.155,,154.352,156.886,-2.534,,146.385,148.019,-1.634
91,12.018,9.779,2.239,,10.615,9.046,1.569,,91,281.39,268.345,13.045,,290.099,280.886,9.213,,91,30.064,19.261,10.803,,26.677,25.051,1.626,,153.993,157.108,-3.115,,146.278,148.04,-1.762
93,12.217,10.886,1.331,,10.413,9.648,0.765,,93,281.491,273.747,7.744,,296.622,281.056,15.566,,93,30.29,23.482,6.808,,25.718,25.89,-0.172,,154.288,156.95,-2.662,,146.426,149.142,-2.716
95,12.424,10.275,2.149,,11.137,10.1,1.037,,95,281.422,268.521,12.901,,290.053,281.167,8.886,,95,30.405,23.034,7.371,,28.957,24.468,4.489,,154.394,156.901,-2.507,,146.199,148.07,-1.871
97,12.7,10.858,1.842,,10.542,9.847,0.695,,97,281.256,268.592,12.664,,289.986,281.275,8.711,,97,30.299,27.101,3.198,,28.855,26.088,2.767,,154.14,156.751,-2.611,,146.111,148.419,-2.308
99,12.293,10.317,1.976,,11.844,9.571,2.273,,99,281.254,268.775,12.479,,292.414,281.041,11.373,,99,29.722,27.29,2.432,,29.778,22.539,7.239,,154.465,156.714,-2.249,,146.171,149.013,-2.842
101,12.339,9.917,2.422,,11.265,9.358,1.907,,101,281.42,269.111,12.309,,293.099,280.823,12.276,,101,29.625,29.547,0.078,,30.277,27.95,2.327,,154.016,157.171,-3.155,,146.391,147.998,-1.607
103,13.508,10.165,3.343,,11.53,10.205,1.325,,103,281.536,268.698,12.838,,292.821,280.83,11.991,,103,25.487,30.019,-4.532,,32.384,26.471,5.913,,153.962,156.981,-3.019,,146.224,148.482,-2.258
105,13.218,10.439,2.779,,12.137,10.841,1.296,,105,281.376,269.069,12.307,,293.118,280.843,12.275,,105,24.655,30.151,-5.496,,32.193,27.81,4.383,,154.101,156.552,-2.451,,146.228,148.339,-2.111
107,12.616,10.383,2.233,,12.022,10.404,1.618,,107,281.346,269.323,12.023,,292.823,281.215,11.608,,107,32.679,31.118,1.561,,32.788,28.843,3.945,,154.086,156.954,-2.868,,146.196,155.536,-9.34
109,12.362,11.171,1.191,,11.937,10.205,1.732,,109,281.303,268.947,12.356,,292.822,280.934,11.888,,109,38.088,31.141,6.947,,32.096,30.941,1.155,,154.071,156.984,-2.913,,146.369,161.714,-15.345
111,12.31,11.802,0.508,,12.423,10.537,1.886,,111,281.472,268.699,12.773,,293.355,281.003,12.352,,111,36.271,31.826,4.445,,33.124,30.09,3.034,,154.107,157.243,-3.136,,146.252,165.431,-19.179
113,13.045,10.559,2.486,,12.666,11.7,0.966,,113,281.233,268.899,12.334,,292.735,280.981,11.754,,113,38.435,32.751,5.684,,31.446,30.687,0.759,,153.898,156.746,-2.848,,146.256,159.156,-12.9
115,12.604,11.963,0.641,,13.245,10.206,3.039,,115,281.438,268.898,12.54,,292.967,280.93,12.037,,115,39.034,33.374,5.66,,29.002,31.331,-2.329,,154.259,156.827,-2.568,,146.453,160.421,-13.968
117,14.858,11.209,3.649,,13.156,11.04,2.116,,117,281.329,280.399,0.93,,292.896,281.185,11.711,,117,39.528,34.938,4.59,,28.089,31.499,-3.41,,154.063,156.91,-2.847,,146.13,166.045,-19.915
119,15.101,12.245,2.856,,12.977,10.833,2.144,,119,281.442,268.679,12.763,,293.068,281.053,12.015,,119,40.117,31.609,8.508,,29.547,32.367,-2.82,,154.18,157.034,-2.854,,146.311,175.629,-29.318
121,13.121,12.276,0.845,,12.381,11.15,1.231,,121,281.468,268.62,12.848,,292.941,280.814,12.127,,121,39.469,33.548,5.921,,38.173,34.235,3.938,,154.485,156.845,-2.36,,146.545,175.869,-29.324
123,13.672,11.822,1.85,,12.202,10.428,1.774,,123,281.365,268.648,12.717,,293.003,281.022,11.981,,123,39.973,34.937,5.036,,36.113,33.357,2.756,,154.324,156.667,-2.343,,146.309,169.752,-23.443
125,13.958,11.774,2.184,,13.446,13.404,0.042,,125,281.328,270.123,11.205,,292.996,281.115,11.881,,125,32.608,33.834,-1.226,,37.424,33.47,3.954,,154.404,156.831,-2.427,,146.552,166.658,-20.106
127,15.001,12.325,2.676,,12.871,11.217,1.654,,127,281.322,268.853,12.469,,293.445,280.9,12.545,,127,34.531,34.082,0.449,,38.258,31.223,7.035,,154.234,157.037,-2.803,,146.239,165.751,-19.512
129,14.213,11.541,2.672,,13.908,11.914,1.994,,129,281.524,268.744,12.78,,292.785,280.816,11.969,,129,40.609,33.751,6.858,,38.255,34.39,3.865,,154.474,157.078,-2.604,,146.259,166.236,-19.977
131,13.697,12.62,1.077,,13.877,11.331,2.546,,131,281.372,269.16,12.212,,292.978,281.182,11.796,,131,33.943,35.248,-1.305,,38.594,35.856,2.738,,153.879,157.155,-3.276,,146.194,169.797,-23.603
133,14.2,12.441,1.759,,13.266,12.151,1.115,,133,281.305,268.836,12.469,,292.992,280.983,12.009,,133,42.156,37.997,4.159,,42.223,34.262,7.961,,154.424,156.824,-2.4,,146.156,166.502,-20.346
135,13.898,11.879,2.019,,15.656,12.711,2.945,,135,285.599,268.888,16.711,,292.966,281.473,11.493,,135,43.708,39.179,4.529,,35.481,37.687,-2.206,,154.248,156.823,-2.575,,146.234,170.862,-24.628
137,15.8,13.062,2.738,,15.064,11.485,3.579,,137,290.375,268.762,21.613,,292.981,289.682,3.299,,137,45.813,40.118,5.695,,30.111,37.135,-7.024,,154.192,156.935,-2.743,,146.203,157.041,-10.838
139,15.012,12.283,2.729,,14.497,12.678,1.819,,139,290.217,268.737,21.48,,292.913,289.726,3.187,,139,46.745,39.64,7.105,,35.247,37.255,-2.008,,154.137,157.002,-2.865,,146.253,150.628,-4.375
141,14.71,12.737,1.973,,14.549,11.854,2.695,,141,290.228,268.886,21.342,,292.941,289.861,3.08,,141,47.099,39.97,7.129,,36.487,38.113,-1.626,,154.055,156.836,-2.781,,146.226,151.26,-5.034
143,15.669,13.056,2.613,,13.635,11.854,1.781,,143,290.156,268.789,21.367,,292.903,290.1,2.803,,143,46.235,40.621,5.614,,39.405,38.918,0.487,,154.107,156.808,-2.701,,146.21,149.239,-3.029
145,14.65,12.848,1.802,,13.369,12.069,1.3,,145,290.119,268.654,21.465,,292.816,289.94,2.876,,145,47.762,40.881,6.881,,42.522,38.621,3.901,,153.979,156.809,-2.83,,146.136,148.691,-2.555
147,14.37,14.664,-0.294,,16.18,13.746,2.434,,147,290.178,267.59,22.588,,293.035,289.642,3.393,,147,40.28,38.788,1.492,,42.83,37.467,5.363,,154.121,157.041,-2.92,,146.21,148.511,-2.301
149,15.46,13.671,1.789,,14.046,13.575,0.471,,149,290.263,266.619,23.644,,293.051,289.671,3.38,,149,38.556,35.66,2.896,,42.921,38.911,4.01,,154.122,156.801,-2.679,,146.297,148.669,-2.372
151,14.315,14.399,-0.084,,13.876,12.32,1.556,,151,290.095,266.646,23.449,,292.875,289.863,3.012,,151,48.142,39.88,8.262,,44.463,35.941,8.522,,154.093,156.808,-2.715,,146.228,148.905,-2.677
153,17.969,14.294,3.675,,13.906,12.153,1.753,,153,292.85,266.545,26.305,,292.906,289.828,3.078,,153,41.904,34.854,7.05,,43.381,34.201,9.18,,154.327,156.247,-1.92,,146.3,148.774,-2.474
155,15.432,15.082,0.35,,15.089,13.187,1.902,,155,290.205,266.554,23.651,,292.938,290.493,2.445,,155,47.91,32.59,15.32,,44.257,37.358,6.899,,154.014,148.486,5.528,,146.265,148.96,-2.695
157,17.471,13.694,3.777,,14.551,13.658,0.893,,157,290.164,266.674,23.49,,293.009,289.823,3.186,,157,51.572,40.105,11.467,,37.666,34.997,2.669,,154.158,148.545,5.613,,146.222,148.727,-2.505
159,14.398,12.723,1.675,,15.295,13.114,2.181,,159,290.087,266.652,23.435,,292.991,290.007,2.984,,159,49.089,39.886,9.203,,34.536,34.811,-0.275,,154.289,148.386,5.903,,146.423,148.862,-2.439
161,15.93,13.364,2.566,,13.069,12.243,0.826,,161,290.204,312.771,-22.567,,292.968,289.561,3.407,,161,48.353,41.051,7.302,,40.028,37.303,2.725,,153.867,148.632,5.235,,146.394,148.854,-2.46
163,15.848,13.186,2.662,,15.416,12.461,2.955,,163,290.249,266.542,23.707,,292.926,289.807,3.119,,163,48.414,38.272,10.142,,40.907,39.924,0.983,,154.016,148.242,5.774,,146.273,148.615,-2.342
165,16.091,13.695,2.396,,19.091,13.076,6.015,,165,290.043,266.603,23.44,,292.986,289.81,3.176,,165,40.907,40.846,0.061,,42.639,37.701,4.938,,154.27,148.311,5.959,,146.272,148.976,-2.704
167,15.358,14.82,0.538,,17.511,12.144,5.367,,167,290.131,266.567,23.564,,292.846,289.664,3.182,,167,39.735,41.443,-1.708,,43.518,38.886,4.632,,153.728,148.163,5.565,,146.725,148.812,-2.087
169,15.488,14.086,1.402,,16.272,14.116,2.156,,169,290.109,266.464,23.645,,293.348,291.155,2.193,,169,40.8,31.167,9.633,,44.72,40.197,4.523,,153.644,148.709,4.935,,146.809,149.261,-2.452
171,17.664,13.309,4.355,,15.937,13.668,2.269,,171,290.212,266.726,23.486,,292.992,289.855,3.137,,171,40.15,33.651,6.499,,43.985,39.388,4.597,,153.571,148.273,5.298,,146.79,148.739,-1.949
173,16.307,15.861,0.446,,18.273,14.172,4.101,,173,290.286,266.535,23.751,,292.953,290.578,2.375,,173,46.967,35.311,11.656,,45.429,37.263,8.166,,153.577,148.443,5.134,,146.814,148.76,-1.946
175,14.733,17.109,-2.376,,15.301,14.499,0.802,,175,290.588,267.034,23.554,,292.949,289.75,3.199,,175,49.03,37.69,11.34,,44.677,35.699,8.978,,154.088,148.384,5.704,,146.747,149.452,-2.705
177,18.889,15.416,3.473,,15.268,14.027,1.241,,177,290.24,266.588,23.652,,292.968,289.866,3.102,,177,49.339,42.246,7.093,,39.95,35.008,4.942,,153.671,148.765,4.906,,147.003,149.442,-2.439
179,15.973,16.601,-0.628,,14.45,14.342,0.108,,179,290.046,266.39,23.656,,292.786,289.96,2.826,,179,49.716,39.819,9.897,,40.836,32.169,8.667,,153.464,148.258,5.206,,146.819,149.64,-2.821
181,17.381,15.642,1.739,,16.263,14.62,1.643,,181,290.231,266.589,23.642,,293.03,289.661,3.369,,181,49.602,39.01,10.592,,43.182,39.782,3.4,,153.636,148.297,5.339,,146.524,149.537,-3.013
183,18.273,18.068,0.205,,18.848,15.001,3.847,,183,290.232,266.494,23.738,,292.98,289.673,3.307,,183,49.406,40.569,8.837,,41.271,40.946,0.325,,153.574,148.363,5.211,,146.445,149.728,-3.283
185,20.969,16.968,4.001,,15.082,17.261,-2.179,,185,290.17,266.596,23.574,,292.789,290.086,2.703,,185,44.906,43.777,1.129,,44.365,41.278,3.087,,153.551,148.266,5.285,,146.239,148.651,-2.412
187,18.197,15.25,2.947,,16.504,16.905,-0.401,,187,290.214,266.458,23.756,,292.931,289.866,3.065,,187,46.111,34.26,11.851,,44.281,40.674,3.607,,153.605,148.441,5.164,,146.457,148.51,-2.053
189,16.366,13.905,2.461,,16.789,15.198,1.591,,189,291.596,266.594,25.002,,292.924,289.698,3.226,,189,46.715,35.561,11.154,,46.575,40.799,5.776,,154.111,148.369,5.742,,146.323,148.441,-2.118
191,16.82,14.048,2.772,,15.562,15.61,-0.048,,191,292.874,266.685,26.189,,293.003,289.958,3.045,,191,52.945,32.795,20.15,,46.596,39.755,6.841,,153.615,148.321,5.294,,146.423,149.099,-2.676
193,20.11,16.113,3.997,,16.103,12.677,3.426,,193,293.097,266.9,26.197,,293.073,289.736,3.337,,193,52.821,45.974,6.847,,42.708,34.948,7.76,,153.898,148.627,5.271,,146.378,148.717,-2.339
195,17.967,15.757,2.21,,23.431,14.248,9.183,,195,293.109,266.585,26.524,,293.191,289.808,3.383,,195,66.386,57.571,8.815,,48.69,45.4,3.29,,153.702,148.462,5.24,,146.292,148.45,-2.158
197,19.031,14.449,4.582,,21.026,14.701,6.325,,197,292.986,266.411,26.575,,292.917,289.73,3.187,,197,66.916,56.947,9.969,,60.929,51.713,9.216,,154.182,148.148,6.034,,146.215,148.514,-2.299
199,20.465,16.993,3.472,,16.368,14.179,2.189,,199,293.15,266.438,26.712,,292.921,289.877,3.044,,199,67.163,58.587,8.576,,52.617,53.075,-0.458,,154.287,148.427,5.86,,146.348,148.785,-2.437
201,21.866,15.128,6.738,,18.975,16.107,2.868,,201,293,266.64,26.36,,293.033,289.947,3.086,,201,53.273,57.649,-4.376,,61.123,56.367,4.756,,153.872,148.414,5.458,,146.292,148.22,-1.928
203,23.072,14.927,8.145,,20.692,14.408,6.284,,203,293.289,268.848,24.441,,292.961,289.797,3.164,,203,59.521,54.225,5.296,,61.843,56.26,5.583,,153.908,148.327,5.581,,146.182,148.036,-1.854
205,18.672,15.788,2.884,,16.667,15.071,1.596,,205,293.067,289.899,3.168,,292.923,289.771,3.152,,205,65.926,46.496,19.43,,65.71,57.371,8.339,,154.049,148.451,5.598,,146.41,147.659,-1.249
207,20.952,18.993,1.959,,19.609,16.712,2.897,,207,293.102,290.013,3.089,,293.01,289.964,3.046,,207,61.051,49.668,11.383,,63.894,57.548,6.346,,153.744,148.227,5.517,,146.37,147.587,-1.217
209,17.144,16.41,0.734,,19.357,18.35,1.007,,209,292.929,289.893,3.036,,292.866,289.86,3.006,,209,72.221,59.163,13.058,,61.062,57.216,3.846,,154.193,148.317,5.876,,146.326,147.671,-1.345
211,20.686,16.396,4.29,,20.923,17.001,3.922,,211,293.119,290.236,2.883,,293.002,289.647,3.355,,211,71.433,61.104,10.329,,53.784,56.581,-2.797,,154.327,148.251,6.076,,146.611,147.723,-1.112
213,18.741,19.539,-0.798,,18.654,16.848,1.806,,213,293.059,290.376,2.683,,292.94,289.878,3.062,,213,71.886,62.375,9.511,,58.362,50.851,7.511,,154.268,148.149,6.119,,147.236,147.934,-0.698
215,20.607,18.315,2.292,,19.583,17.264,2.319,,215,293.107,289.902,3.205,,292.991,289.826,3.165,,215,74.416,62.906,11.51,,54.342,51.137,3.205,,154.73,148.539,6.191,,147.036,147.778,-0.742
217,20.925,16.353,4.572,,19.14,15.487,3.653,,217,293.044,295.21,-2.166,,292.972,289.732,3.24,,217,56.027,63.215,-7.188,,67.973,58.203,9.77,,154.537,148.346,6.191,,147.283,147.668,-0.385
219,19.878,21.612,-1.734,,20.955,16.885,4.07,,219,292.954,290.006,2.948,,293.28,289.875,3.405,,219,73.627,57.509,16.118,,69.474,60.902,8.572,,153.87,148.514,5.356,,147.076,147.748,-0.672
221,20.519,16.531,3.988,,21.703,16.045,5.658,,221,293.137,289.789,3.348,,293.101,289.686,3.415,,221,70.222,52.114,18.108,,71.549,61.359,10.19,,153.985,148.442,5.543,,147.489,147.956,-0.467
223,21.915,19.821,2.094,,18.622,15.981,2.641,,223,293.003,290.027,2.976,,293.031,289.855,3.176,,223,77.141,51.756,25.385,,69.283,61.986,7.297,,154,148.308,5.692,,147.253,147.819,-0.566
225,25.741,17.069,8.672,,22.265,17.744,4.521,,225,293.357,290.004,3.353,,292.846,289.695,3.151,,225,79.19,62.363,16.827,,61.406,62.441,-1.035,,153.97,148.341,5.629,,147.066,147.825,-0.759
227,20.556,18.535,2.021,,21.249,18.053,3.196,,227,293.077,290.003,3.074,,293.011,289.753,3.258,,227,79.424,66.217,13.207,,57.371,61.474,-4.103,,153.836,148.479,5.357,,147.07,147.937,-0.867
229,24.182,18.312,5.87,,24.713,19.04,5.673,,229,293.193,289.982,3.211,,292.969,289.756,3.213,,229,79.526,67.06,12.466,,59.218,60.565,-1.347,,154.277,148.341,5.936,,147.21,148.058,-0.848
231,22.238,19.16,3.078,,22.994,18.691,4.303,,231,293.094,289.91,3.184,,292.937,289.775,3.162,,231,71.967,67.841,4.126,,66.675,54.424,12.251,,154.064,148.523,5.541,,147.371,149.251,-1.88
233,21.061,19.038,2.023,,22.213,17.013,5.2,,233,293.099,289.928,3.171,,293.159,293.102,0.057,,233,74.228,69.236,4.992,,73.056,61.541,11.515,,153.971,148.314,5.657,,147.249,148.8,-1.551
235,23.061,20.183,2.878,,25.649,16.864,8.785,,235,292.999,289.884,3.115,,292.909,289.924,2.985,,235,77.238,47.515,29.723,,73.957,64.529,9.428,,153.871,148.307,5.564,,147.131,148.253,-1.122
237,29.055,18.989,10.066,,20.941,19.004,1.937,,237,293.09,266.413,26.677,,293.061,289.842,3.219,,237,74.368,67.239,7.129,,75.144,65.99,9.154,,153.88,148.35,5.53,,147.236,148.138,-0.902
239,35.567,19.316,16.251,,25.782,17.89,7.892,,239,293.032,266.31,26.722,,293.123,289.792,3.331,,239,83.17,60.184,22.986,,68.642,67.505,1.137,,153.999,148.246,5.753,,147.102,148.123,-1.021
241,32.786,20.334,12.452,,27.8,19.297,8.503,,241,293.132,276.917,16.215,,288.25,289.853,-1.603,,241,83.369,72.827,10.542,,53.313,63.78,-10.467,,154.113,148.461,5.652,,147.218,148.744,-1.526
243,24.08,20.561,3.519,,23.663,18.754,4.909,,243,292.921,266.371,26.55,,281.309,281.096,0.213,,243,83.398,71.341,12.057,,69.061,57.288,11.773,,153.948,148.344,5.604,,147.138,148.386,-1.248
245,19.546,18.338,1.208,,28.739,19.935,8.804,,245,293.072,266.022,27.05,,281.377,281.064,0.313,,245,83.447,73.951,9.496,,79.785,60.645,19.14,,153.912,148.968,4.944,,147.254,148.927,-1.673
247,27.619,22.736,4.883,,22.546,22.021,0.525,,247,292.926,266.268,26.658,,281.247,281.262,-0.015,,247,79.031,69.785,9.246,,78.11,61.406,16.704,,153.969,149.386,4.583,,147.176,150.117,-2.941
249,29.838,18.295,11.543,,35.535,19.02,16.515,,249,293.239,266.25,26.989,,281.184,281.236,-0.052,,249,80.689,64.64,16.049,,75.909,66.365,9.544,,154.04,149.501,4.539,,147,149.855,-2.855
251,32.601,18.086,14.515,,27.836,19.885,7.951,,251,293.058,280.993,12.065,,281.29,291.914,-10.624,,251,72.814,64.104,8.71,,79.837,71.791,8.046,,153.894,149.582,4.312,,147.108,150.108,-3
253,30.215,20.131,10.084,,27.364,24.131,3.233,,253,293.102,266.197,26.905,,281.254,287.174,-5.92,,253,87.848,64.411,23.437,,73.56,70.106,3.454,,153.869,149.523,4.346,,147.148,150.216,-3.068
255,35.21,20.638,14.572,,33.921,22.037,11.884,,255,293.026,266.263,26.763,,281.324,281.285,0.039,,255,90.35,72.023,18.327,,62.63,71.664,-9.034,,153.76,149.623,4.137,,147.021,149.849,-2.828
257,38.21,19.94,18.27,,27.813,19.829,7.984,,257,292.953,266.368,26.585,,281.574,281.445,0.129,,257,88.902,76.244,12.658,,75.762,71.583,4.179,,153.815,149.42,4.395,,147.111,148.481,-1.37
259,30.238,23.489,6.749,,30.696,18.747,11.949,,259,293.37,268.029,25.341,,325.634,281.083,44.551,,259,89.705,77.152,12.553,,82.758,64.234,18.524,,153.866,149.589,4.277,,147.105,148.467,-1.362
261,38.82,25.911,12.909,,28.754,21.955,6.799,,261,293.14,281.076,12.064,,282.181,281.219,0.962,,261,64.498,77.808,-13.31,,79.159,69.882,9.277,,154.004,149.638,4.366,,147.219,148.414,-1.195
263,31.363,27.56,3.803,,34.723,20.428,14.295,,263,293.087,281.123,11.964,,281.299,281.142,0.157,,263,80.899,59.393,21.506,,82.763,64.41,18.353,,154.041,149.788,4.253,,146.771,149.374,-2.603
265,40.965,22.956,18.009,,37.403,21.005,16.398,,265,292.937,281.302,11.635,,281.284,282.811,-1.527,,265,91.318,60.418,30.9,,80.024,71.176,8.848,,153.952,149.697,4.255,,147.323,148.188,-0.865
267,36.954,25.45,11.504,,37.377,22.238,15.139,,267,293.196,281.194,12.002,,281.286,290.996,-9.71,,267,91.662,64.695,26.967,,68.224,75.211,-6.987,,153.823,149.751,4.072,,147.098,148.686,-1.588
269,33.837,22.341,11.496,,33.652,23.715,9.937,,269,292.974,289.093,3.881,,281.31,297.066,-15.756,,269,92.112,79.059,13.053,,65.466,70.885,-5.419,,153.842,149.52,4.322,,149.835,148.775,1.06
271,26.695,21.139,5.556,,33.161,22.478,10.683,,271,293.006,281.377,11.629,,281.191,294.412,-13.221,,271,90.153,76.002,14.151,,76.593,74.9,1.693,,154.001,149.799,4.202,,147.553,149.319,-1.766
273,35.227,21.894,13.333,,35.595,20.321,15.274,,273,293.094,281.392,11.702,,281.395,295.729,-14.334,,273,68.681,82.199,-13.518,,87.17,72.878,14.292,,187.623,149.748,37.875,,147.569,149.402,-1.833
275,34.637,28.661,5.976,,30.918,21.36,9.558,,275,293.089,281.139,11.95,,281.243,291.071,-9.828,,275,78.669,81.719,-3.05,,84.293,73.988,10.305,,154.677,149.722,4.955,,147.67,149.888,-2.218
277,39.047,25.469,13.578,,40.301,26.184,14.117,,277,293.122,281.355,11.767,,281.567,292.438,-10.871,,277,94.476,68.86,25.616,,85.422,64.684,20.738,,154.81,149.681,5.129,,147.545,148.757,-1.212
279,40.659,28.282,12.377,,37.032,25.044,11.988,,279,292.977,281.091,11.886,,281.204,290.733,-9.529,,279,96.51,78.261,18.249,,76.741,71.125,5.616,,154.732,149.689,5.043,,147.754,149.178,-1.424
281,44.003,28.717,15.286,,36.224,27.225,8.999,,281,293.115,281.165,11.95,,281.259,315.432,-34.173,,281,96.512,74.781,21.731,,75.226,75.134,0.092,,154.712,149.579,5.133,,148.272,149.109,-0.837
283,34.692,28.04,6.652,,36.877,25.428,11.449,,283,293.041,281.08,11.961,,281.57,290.422,-8.852,,283,93.375,80.212,13.163,,91.111,75.01,16.101,,154.813,149.668,5.145,,147.65,149.44,-1.79
285,38.53,27.452,11.078,,37.525,28.243,9.282,,285,293.037,281.266,11.771,,281.255,306.48,-25.225,,285,72.118,80.122,-8.004,,86.635,75.739,10.896,,154.723,150.265,4.458,,147.704,148.915,-1.211
287,39.316,28.44,10.876,,34.61,26.16,8.45,,287,293.018,281.122,11.896,,281.302,290.43,-9.128,,287,76.811,77.942,-1.131,,88.194,64.061,24.133,,154.733,150.57,4.163,,147.722,148.366,-0.644
289,47.534,22.598,24.936,,36.987,27.6,9.387,,289,293.08,281.136,11.944,,281.258,291.68,-10.422,,289,96.424,78.374,18.05,,87.595,74.479,13.116,,154.655,150.457,4.198,,147.639,148.088,-0.449
291,48.518,31.656,16.862,,37.217,27.133,10.084,,291,293.104,294.348,-1.244,,281.199,291.124,-9.925,,291,99.451,66.432,33.019,,79.115,65.625,13.49,,154.675,150.523,4.152,,147.592,148.088,-0.496
293,42.161,27.3,14.861,,42.354,29.833,12.521,,293,293.029,288.083,4.946,,349.014,290.418,58.596,,293,95.929,69.578,26.351,,82.161,77.581,4.58,,154.855,150.489,4.366,,147.658,148.154,-0.496
295,42.681,26.491,16.19,,44.42,26.682,17.738,,295,293.052,281.351,11.701,,281.296,290.542,-9.246,,295,82.877,74.561,8.316,,76.539,75.367,1.172,,154.621,150.58,4.041,,148.139,147.817,0.322
297,49.862,29.129,20.733,,38.044,24.233,13.811,,297,293.054,281.39,11.664,,281.327,290.378,-9.051,,297,88.781,74.225,14.556,,88.883,74.876,14.007,,154.326,150.57,3.756,,147.771,147.98,-0.209
299,41.218,26.985,14.233,,40.269,28.477,11.792,,299,293.061,296.69,-3.629,,281.291,290.621,-9.33,,299,93.121,75.058,18.063,,86.093,70.058,16.035,,152.478,150.524,1.954,,147.649,148.309,-0.66
301,36.264,27.224,9.04,,31.612,26.854,4.758,,301,293.075,281.459,11.616,,281.13,290.215,-9.085,,301,97.116,77.263,19.853,,87.536,60.508,27.028,,153.726,150.376,3.35,,147.708,148.148,-0.44
303,39.007,27.073,11.934,,34.342,28.771,5.571,,303,293.048,282.742,10.306,,281.452,298.497,-17.045,,303,95.613,76.848,18.765,,77.356,74.675,2.681,,153.859,149.063,4.796,,147.643,147.813,-0.17
305,53.686,33.838,19.848,,38.318,25.718,12.6,,305,292.985,281.645,11.34,,281.335,290.599,-9.264,,305,93.892,75.553,18.339,,68.717,71.081,-2.364,,153.777,147.683,6.094,,168.908,147.917,20.991
307,47.271,29.04,18.231,,46.67,27.027,19.643,,307,293.073,281.084,11.989,,281.366,291.272,-9.906,,307,84.327,74.696,9.631,,81.849,71.77,10.079,,153.953,147.396,6.557,,147.88,149.253,-1.373
309,50.423,33.972,16.451,,46.414,33.091,13.323,,309,293.035,281.792,11.243,,281.268,292.489,-11.221,,309,88.055,78.346,9.709,,84.585,74.429,10.156,,153.907,147.82,6.087,,147.683,148.55,-0.867
311,58.385,35.047,23.338,,42.481,34.285,8.196,,311,293.046,300.49,-7.444,,281.437,290.524,-9.087,,311,94.671,74.885,19.786,,86.661,75.102,11.559,,153.778,147.32,6.458,,147.648,152.479,-4.831
313,57.111,31.834,25.277,,36.795,35.274,1.521,,313,293.165,281.61,11.555,,281.34,291.041,-9.701,,313,96.428,74.862,21.566,,84.695,61.898,22.797,,153.795,147.401,6.394,,147.854,149.844,-1.99
315,51.946,37.401,14.545,,43.45,31.585,11.865,,315,293.111,293.257,-0.146,,281.292,291.27,-9.978,,315,98.484,69.726,28.758,,81.294,57.929,23.365,,154.094,147.358,6.736,,147.696,149.762,-2.066
317,59.244,33.952,25.292,,42.217,33.555,8.662,,317,293.019,290.952,2.067,,281.146,290.201,-9.055,,317,92.75,67.715,25.035,,72.321,68.407,3.914,,153.71,147.418,6.292,,147.811,151.517,-3.706
319,58.537,30.536,28.001,,38.165,28.352,9.813,,319,292.984,288.701,4.283,,281.291,290.997,-9.706,,319,83.529,62.355,21.174,,81.785,70.313,11.472,,153.983,147.433,6.55,,147.913,150.447,-2.534
321,53.077,37.513,15.564,,50.668,37.479,13.189,,321,343.835,284.02,59.815,,281.342,290.175,-8.833,,321,92.734,71.835,20.899,,88.727,68.604,20.123,,153.476,147.349,6.127,,156.39,149.448,6.942
323,56.153,36.737,19.416,,48.561,34.08,14.481,,323,292.994,283.964,9.03,,299.586,292.967,6.619,,323,95.174,83.1,12.074,,83.396,66.711,16.685,,153.746,147.413,6.333,,148.412,149.006,-0.594
325,61.773,33.59,28.183,,36.961,33.605,3.356,,325,293.043,283.942,9.101,,281.37,294.128,-12.758,,325,88.939,73.548,15.391,,83.849,56.781,27.068,,153.708,147.54,6.168,,147.919,155.367,-7.448
327,58.835,33.665,25.17,,43.087,35.371,7.716,,327,290.728,284.03,6.698,,281.241,293.25,-12.009,,327,95.596,65.766,29.83,,66.904,56.888,10.016,,153.915,147.496,6.419,,147.704,148.394,-0.69
329,63.141,33.506,29.635,,49.435,27.12,22.315,,329,281.412,284.015,-2.603,,281.348,294.891,-13.543,,329,89.58,67.367,22.213,,72.283,71.63,0.653,,153.865,147.625,6.24,,148.565,148.22,0.345
331,48.257,31.52,16.737,,45.967,31.128,14.839,,331,281.437,283.803,-2.366,,281.849,292.477,-10.628,,331,83.896,68.944,14.952,,88.154,73.949,14.205,,153.221,147.73,5.491,,147.923,147.557,0.366
333,55.432,36.353,19.079,,49.933,28.468,21.465,,333,281.463,283.912,-2.449,,281.261,307.986,-26.725,,333,96.51,77.536,18.974,,84.187,77.295,6.892,,184.638,147.669,36.969,,147.662,147.849,-0.187
335,52.173,37.142,15.031,,50.653,32.596,18.057,,335,281.438,283.95,-2.512,,281.273,294.267,-12.994,,335,93.746,77.934,15.812,,81.736,69.403,12.333,,153.17,147.34,5.83,,147.775,147.925,-0.15
337,57.957,45.442,12.515,,47.072,38.132,8.94,,337,281.394,283.94,-2.546,,281.261,294.555,-13.294,,337,92.761,72.146,20.615,,73.891,72.264,1.627,,158.433,147.5,10.933,,147.827,148.078,-0.251
339,67.44,40.964,26.476,,56.43,35.344,21.086,,339,345.549,284.195,61.354,,281.281,293.742,-12.461,,339,90.957,75.379,15.578,,78.114,68.724,9.39,,153.448,147.431,6.017,,150.909,148.12,2.789
341,59.401,35.25,24.151,,54.213,45.597,8.616,,341,281.373,305.629,-24.256,,281.35,291.191,-9.841,,341,87.885,73.499,14.386,,83.172,73.742,9.43,,153.102,147.345,5.757,,152.985,148.392,4.593
343,58.407,34.318,24.089,,48.985,40.868,8.117,,343,281.422,284.214,-2.792,,281.299,296.499,-15.2,,343,90.641,78.36,12.281,,84.343,74.773,9.57,,158.064,147.422,10.642,,158.862,148.717,10.145
345,61.082,36.176,24.906,,48.949,37.971,10.978,,345,281.405,284.037,-2.632,,281.323,294.482,-13.159,,345,89.792,77.861,11.931,,86.376,67.782,18.594,,153.626,147.406,6.22,,147.974,148.409,-0.435
347,69.077,41.271,27.806,,52.41,41.262,11.148,,347,281.538,283.993,-2.455,,281.353,305.756,-24.403,,347,88.859,75.387,13.472,,82.814,72.076,10.738,,155.555,147.437,8.118,,150.9,148.185,2.715
349,58.329,39.688,18.641,,48.571,35.738,12.833,,349,281.437,284.008,-2.571,,281.325,291.7,-10.375,,349,80.134,82.555,-2.421,,63.921,68.877,-4.956,,159.677,147.43,12.247,,147.897,148.393,-0.496
351,58.48,36.547,21.933,,49.587,35.01,14.577,,351,281.367,283.827,-2.46,,281.256,294.9,-13.644,,351,92.645,72.445,20.2,,77.995,75.693,2.302,,159.009,147.455,11.554,,147.811,148.083,-0.272
353,66.202,42.737,23.465,,48.928,50.534,-1.606,,353,325.754,308.512,17.242,,281.32,291.877,-10.557,,353,93.003,76.2,16.803,,77.315,73.799,3.516,,157.016,147.483,9.533,,160.47,148.946,11.524
355,56.83,38.546,18.284,,56.371,38.121,18.25,,355,281.465,284.062,-2.597,,281.324,294.308,-12.984,,355,90.282,76.576,13.706,,77.69,72.814,4.876,,153.14,147.71,5.43,,148.054,148.957,-0.903
357,69.722,35.085,34.637,,54.183,38.062,16.121,,357,281.382,330.243,-48.861,,281.403,291.796,-10.393,,357,85.52,75.248,10.272,,70.467,72.154,-1.687,,153.029,147.647,5.382,,151.686,148.131,3.555
359,71.439,37.965,33.474,,52.83,34.073,18.757,,359,281.36,327.823,-46.463,,281.316,297.751,-16.435,,359,82.317,77.246,5.071,,80.896,68.383,12.513,,153.138,148.424,4.714,,154.413,148.795,5.618
361,72.922,41.454,31.468,,57.529,35.971,21.558,,361,281.442,284.03,-2.588,,281.314,296.248,-14.934,,361,87.74,67.63,20.11,,81.744,67.093,14.651,,170.181,147.917,22.264,,147.975,149.798,-1.823
363,72.603,43.776,28.827,,55.902,41.186,14.716,,363,281.439,283.959,-2.52,,281.511,297.104,-15.593,,363,95.999,68.959,27.04,,85.644,70.981,14.663,,153.198,148.46,4.738,,152.56,149.776,2.784
365,62.43,43.824,18.606,,53.686,35.564,18.122,,365,281.375,283.971,-2.596,,281.289,295.338,-14.049,,365,91.369,77.074,14.295,,79.628,71.448,8.18,,153.653,148.362,5.291,,155.229,150.009,5.22
367,80.254,44.178,36.076,,64.178,45.618,18.56,,367,281.674,283.354,-1.68,,281.243,293.294,-12.051,,367,76.535,83.05,-6.515,,78.23,69.098,9.132,,153.572,148.385,5.187,,158.011,150.237,7.774
369,68.88,43.351,25.529,,45.82,41.732,4.088,,369,282.518,281.107,1.411,,281.331,292.419,-11.088,,369,83.529,82.982,0.547,,72.828,74.229,-1.401,,164.507,148.436,16.071,,165.725,150.566,15.159
371,65.761,43.558,22.203,,65.573,42.634,22.939,,371,281.609,281.242,0.367,,281.372,291.01,-9.638,,371,100.264,71.476,28.788,,97.157,67.234,29.923,,153.653,149.859,3.794,,161.3,151.053,10.247
373,58.596,36.894,21.702,,55.208,47.675,7.533,,373,284.334,281.031,3.303,,281.386,292.063,-10.677,,373,90.205,74.043,16.162,,85.115,76.318,8.797,,153.671,148.396,5.275,,147.901,150.695,-2.794
375,73.023,43.983,29.04,,60.521,47.377,13.144,,375,284.114,281.169,2.945,,281.295,294.409,-13.114,,375,90.72,85.29,5.43,,78.735,72.841,5.894,,191.684,148.346,43.338,,148.504,152.483,-3.979
377,76.68,51.249,25.431,,62.472,40.338,22.134,,377,284.506,281.384,3.122,,281.403,292.871,-11.468,,377,91.438,75.442,15.996,,75.946,75.862,0.084,,179.373,148.432,30.941,,147.758,150.224,-2.466
379,71.931,46.408,25.523,,66.664,43.433,23.231,,379,284.303,281.094,3.209,,281.385,293.476,-12.091,,379,93.791,78.053,15.738,,82.646,76.937,5.709,,234.955,148.386,86.569,,149.187,150.043,-0.856
381,79.032,45.517,33.515,,60.956,42.884,18.072,,381,284.199,281.095,3.104,,281.29,295.613,-14.323,,381,99.419,82.301,17.118,,89.046,71.733,17.313,,153.599,148.466,5.133,,147.836,149.206,-1.37
383,83.711,44.973,38.738,,75.201,44.882,30.319,,383,284.258,281.33,2.928,,281.287,292.362,-11.075,,383,95.921,76.078,19.843,,83.604,79.39,4.214,,153.518,148.356,5.162,,148.091,150.222,-2.131
385,73.167,42.628,30.539,,68.659,46.376,22.283,,385,284.29,338.049,-53.759,,399.214,295.517,103.697,,385,98.122,83.752,14.37,,78.508,80.157,-1.649,,153.718,148.706,5.012,,147.811,150.422,-2.611
387,84.268,45.575,38.693,,67.03,43.265,23.765,,387,284.274,281.25,3.024,,281.366,292.872,-11.506,,387,97.391,77.4,19.991,,86.238,72.484,13.754,,155.537,148.377,7.16,,147.788,148.84,-1.052
389,76.011,46.177,29.834,,69.619,33.39,36.229,,389,311.248,281.376,29.872,,281.375,294.671,-13.296,,389,83.467,74.268,9.199,,92.702,76.258,16.444,,153.511,148.462,5.049,,147.957,149.56,-1.603
391,70.989,50.053,20.936,,62.91,37.023,25.887,,391,284.297,295.952,-11.655,,281.473,291.683,-10.21,,391,94.915,70.564,24.351,,94.358,73.274,21.084,,168.166,148.973,19.193,,148.313,149.392,-1.079
393,75.241,49.173,26.068,,62.499,45.005,17.494,,393,284.305,282.78,1.525,,281.865,292.013,-10.148,,393,94.162,73.696,20.466,,83.903,74.368,9.535,,199.633,148.52,51.113,,242.359,149.203,93.156
395,73.202,47.424,25.778,,61.246,50.911,10.335,,395,284.232,284.561,-0.329,,282.442,292.563,-10.121,,395,104.273,82.758,21.515,,80.981,71.073,9.908,,154.009,148.32,5.689,,155.667,148.66,7.007
397,65.311,55.499,9.812,,67.03,53.607,13.423,,397,284.296,284.133,0.163,,281.378,298.611,-17.233,,397,102.471,86.428,16.043,,92.607,74.276,18.331,,185.375,148.269,37.106,,148.328,149.85,-1.522
399,72.106,56.831,15.275,,67.03,47.512,19.518,,399,284.312,281.311,3.001,,281.404,295.287,-13.883,,399,100.673,79.594,21.079,,92.868,86.833,6.035,,153.98,148.886,5.094,,223.368,148.81,74.558
401,84.487,53.987,30.5,,63.787,53.877,9.91,,401,284.267,281.199,3.068,,281.495,293.941,-12.446,,401,95.326,69.364,25.962,,79.991,79.694,0.297,,156.662,148.258,8.404,,148.362,149.287,-0.925
403,81.719,50.969,30.75,,75.207,58.232,16.975,,403,284.171,295.833,-11.662,,281.368,292.767,-11.399,,403,105.121,79.228,25.893,,78.68,65.296,13.384,,154.193,149.323,4.87,,148.311,148.781,-0.47
405,76.411,48.478,27.933,,80.843,40.307,40.536,,405,284.352,281.181,3.171,,281.301,293.558,-12.257,,405,89.795,81.161,8.634,,88.942,78.931,10.011,,210.452,148.519,61.933,,148.266,153.402,-5.136
407,90.177,53.941,36.236,,67.216,49.42,17.796,,407,284.578,281.156,3.422,,281.35,295.64,-14.29,,407,93.012,82.469,10.543,,92.91,78.227,14.683,,153.649,148.901,4.748,,148.394,148.373,0.021
409,91.811,54.258,37.553,,76.802,55.763,21.039,,409,293.545,300.734,-7.189,,301.551,292.716,8.835,,409,96.487,88.421,8.066,,96.849,80.554,16.295,,153.676,148.574,5.102,,198.281,148.339,49.942
411,81.193,47.95,33.243,,68.543,49.406,19.137,,411,286.527,291.485,-4.958,,281.438,296.5,-15.062,,411,104.511,78.167,26.344,,87.581,76.694,10.887,,153.401,149.336,4.065,,148.414,149.176,-0.762
413,84.822,49.096,35.726,,62.054,46.83,15.224,,413,284.277,281.258,3.019,,281.312,293.081,-11.769,,413,92.56,73.081,19.479,,72.304,83.452,-11.148,,150.855,147.9,2.955,,199.73,148.7,51.03
415,91.25,47.909,43.341,,78.252,47.508,30.744,,415,284.252,291.713,-7.461,,324.865,293.892,30.973,,415,90.199,79.337,10.862,,83.396,84.087,-0.691,,150.635,147.915,2.72,,159.724,148.487,11.237
417,87.187,45.618,41.569,,81.191,52.132,29.059,,417,284.218,308.297,-24.079,,281.432,293.371,-11.939,,417,87.772,84.021,3.751,,89.114,78.488,10.626,,151.74,148.339,3.401,,216.51,148.415,68.095
419,92.241,52.555,39.686,,83.603,47.913,35.69,,419,297.494,283.276,14.218,,330.249,291.835,38.414,,419,100.384,72.355,28.029,,90.088,82.547,7.541,,150.734,147.844,2.89,,168.191,148.347,19.844
421,90.961,64.526,26.435,,83.729,58.096,25.633,,421,284.365,290.697,-6.332,,288.188,296.801,-8.613,,421,93.406,88.171,5.235,,81.829,84.02,-2.191,,150.867,147.992,2.875,,148.997,148.415,0.582
423,86.304,52.935,33.369,,82.802,56.352,26.45,,423,284.304,282.611,1.693,,292.949,296.437,-3.488,,423,84.783,89.227,-4.444,,95.138,83.72,11.418,,150.729,148.583,2.146,,148.291,148.544,-0.253
425,96.102,64.412,31.69,,70.619,52.573,18.046,,425,287.512,282.556,4.956,,293.066,294.47,-1.404,,425,102.725,96.967,5.758,,94.402,78.06,16.342,,150.651,148.023,2.628,,148.585,148.264,0.321
427,88.319,58.345,29.974,,73.284,58.256,15.028,,427,284.274,281.851,2.423,,292.997,292.084,0.913,,427,98.965,91.59,7.375,,85.077,87.611,-2.534,,150.938,148.039,2.899,,205.882,148.375,57.507
429,94.297,58.161,36.136,,83.895,56.717,27.178,,429,284.327,282.136,2.191,,293.071,292.449,0.622,,429,101.011,85.304,15.707,,87.488,81.528,5.96,,150.965,147.846,3.119,,192.504,148.161,44.343
431,82.662,47.636,35.026,,83.001,60.305,22.696,,431,284.233,281.256,2.977,,307.171,298.171,9,,431,88.881,81.369,7.512,,88.014,76.627,11.387,,150.857,147.711,3.146,,203.512,147.895,55.617
433,81.66,59.841,21.819,,80.174,50.472,29.702,,433,284.291,300.215,-15.924,,345.628,293.305,52.323,,433,115.312,102.721,12.591,,92.19,88.105,4.085,,158.085,147.958,10.127,,195.724,148.065,47.659
435,87.18,60.912,26.268,,90.284,57.49,32.794,,435,284.453,281.707,2.746,,292.986,298.976,-5.99,,435,101.465,73.093,28.372,,81.629,88.546,-6.917,,150.906,148.503,2.403,,179.606,148.195,31.411
437,93.545,55.523,38.022,,82.863,56.38,26.483,,437,284.633,287.505,-2.872,,340.26,293.954,46.306,,437,101.882,77.044,24.838,,80.105,90.038,-9.933,,151.342,148.192,3.15,,148.034,148.702,-0.668
439,86.347,63.934,22.413,,87.646,64.313,23.333,,439,284.312,281.322,2.99,,298.821,292.619,6.202,,439,107.617,81.456,26.161,,83.979,77.231,6.748,,150.785,148.183,2.602,,147.841,149.12,-1.279
441,86.713,58.877,27.836,,91.619,64.727,26.892,,441,284.431,345.796,-61.365,,293.086,294.408,-1.322,,441,108.855,83.761,25.094,,103.301,88.539,14.762,,150.993,148.818,2.175,,296.474,148.718,147.756
443,97.999,63.849,34.15,,76.866,62.439,14.427,,443,288.177,281.188,6.989,,293.031,291.4,1.631,,443,128.172,103.65,24.522,,96.295,83.495,12.8,,150.961,148.011,2.95,,296.598,149.715,146.883
445,98.797,47.472,51.325,,84.176,50.824,33.352,,445,284.316,281.169,3.147,,292.971,294.455,-1.484,,445,106.773,109.673,-2.9,,96.457,113.331,-16.874,,151.594,148.571,3.023,,178.551,149.198,29.353
447,87.578,43.291,44.287,,78.666,47.667,30.999,,447,287.216,283.685,3.531,,292.975,297.353,-4.378,,447,114.306,92.682,21.624,,119.312,112.333,6.979,,152.037,148.084,3.953,,148.356,148.287,0.069
449,103.849,60.624,43.225,,81.307,56.048,25.259,,449,284.257,282.084,2.173,,293.042,296.495,-3.453,,449,132.981,130.347,2.634,,141.427,115.437,25.99,,151.666,149.527,2.139,,148.196,148.325,-0.129
451,97.215,63.271,33.944,,81.265,60.888,20.377,,451,285.561,281.219,4.342,,300.096,293.486,6.61,,451,145.885,131.81,14.075,,117.335,120.401,-3.066,,151.436,148.199,3.237,,236.437,147.969,88.468
453,98.125,56.97,41.155,,91.422,61.03,30.392,,453,284.239,303.182,-18.943,,292.997,295.902,-2.905,,453,152.014,122.711,29.303,,127.283,117.503,9.78,,151.462,148.416,3.046,,192.99,148.25,44.74
455,94.51,57.925,36.585,,83.542,61.001,22.541,,455,284.742,281.061,3.681,,293.55,296.807,-3.257,,455,140.137,130.114,10.023,,142.32,125.25,17.07,,182.78,149.231,33.549,,148.35,148.762,-0.412
457,98.823,61.633,37.19,,75.544,61.666,13.878,,457,299.454,281.105,18.349,,296.592,294.318,2.274,,457,136.02,130.818,5.202,,160.435,127.942,32.493,,175.943,148.901,27.042,,187.444,148.189,39.255
459,107.665,62.319,45.346,,85.418,58.406,27.012,,459,284.365,281.097,3.268,,293.044,295.05,-2.006,,459,138.625,131.076,7.549,,119.478,127.913,-8.435,,151.719,149.01,2.709,,230.012,148.584,81.428
461,103.186,67.911,35.275,,78.767,64.303,14.464,,461,299.671,281.162,18.509,,293.272,294.815,-1.543,,461,154.079,131.769,22.31,,128.341,119.198,9.143,,236.398,148.892,87.506,,251.494,148.52,102.974
463,106.999,66.43,40.569,,81.293,64.319,16.974,,463,284.315,281.128,3.187,,281.448,295.478,-14.03,,463,149.878,131.129,18.749,,133.172,123.431,9.741,,151.369,149.259,2.11,,148.283,147.863,0.42
465,96.509,81.837,14.672,,80.199,61.926,18.273,,465,285.923,282.233,3.69,,281.42,293.042,-11.622,,465,143.19,130.454,12.736,,147.023,125.481,21.542,,151.477,150.93,0.547,,148.473,148.136,0.337
467,104.492,55.621,48.871,,89.287,67.256,22.031,,467,284.424,281.593,2.831,,281.369,294.297,-12.928,,467,136.355,132.771,3.584,,122.502,126.03,-3.528,,151.588,149.025,2.563,,148.036,148.333,-0.297
469,122.201,56.521,65.68,,94.086,61.738,32.348,,469,284.505,284.024,0.481,,295.347,289.81,5.537,,469,162.841,137.356,25.485,,136.655,107.222,29.433,,232.723,148.783,83.94,,197.274,148.146,49.128
471,115.483,52.792,62.691,,92.376,62.061,30.315,,471,284.412,284.015,0.397,,281.366,288.52,-7.154,,471,153.402,126.556,26.846,,138.877,123.355,15.522,,193.028,148.92,44.108,,149.972,149.643,0.329
473,103.028,66.493,36.535,,88.217,58.247,29.97,,473,307.844,284.186,23.658,,281.396,283.5,-2.104,,473,139.251,111.481,27.77,,145.123,134.214,10.909,,158.167,149.149,9.018,,240.773,149.462,91.311
475,99.63,48.276,51.354,,94.008,63.75,30.258,,475,284.342,283.997,0.345,,316.921,284.835,32.086,,475,162.484,128.605,33.879,,130.812,132.544,-1.732,,151.499,148.86,2.639,,148.3,150.924,-2.624
477,110.296,71.185,39.111,,93.23,51.999,41.231,,477,283.646,284.098,-0.452,,281.332,285.246,-3.914,,477,160.495,148.324,12.171,,117.277,114.42,2.857,,162.05,148.87,13.18,,148.078,150.706,-2.628
479,104.994,71.678,33.316,,88.085,68.025,20.06,,479,281.425,283.916,-2.491,,281.863,295.465,-13.602,,479,163.168,137.184,25.984,,127.455,130.042,-2.587,,155.427,148.857,6.57,,148.541,150.142,-1.601
481,109.559,65.524,44.035,,81.431,65.06,16.371,,481,286.381,284.217,2.164,,308.871,285.839,23.032,,481,156.983,110.354,46.629,,148.07,133.073,14.997,,152.292,148.822,3.47,,158.47,152.32,6.15
483,101.37,76.853,24.517,,92.887,67.372,25.515,,483,281.992,284.356,-2.364,,281.357,292.356,-10.999,,483,144.637,128.859,15.778,,137.639,137.373,0.266,,151.979,148.949,3.03,,148.01,149.73,-1.72
485,96.924,68.274,28.65,,97.788,65.493,32.295,,485,281.43,284.27,-2.84,,311.802,291.647,20.155,,485,156.249,145.752,10.497,,127.91,125.358,2.552,,176.75,150.614,26.136,,252.104,149.242,102.862
487,113.974,64.252,49.722,,95.311,66.559,28.752,,487,281.465,284.001,-2.536,,302.217,286.899,15.318,,487,157.242,146.014,11.228,,133.702,122.257,11.445,,151.5,149.191,2.309,,160.979,149.659,11.32
489,111.327,70.853,40.474,,105.376,70.029,35.347,,489,281.56,284.086,-2.526,,281.465,286.102,-4.637,,489,141.808,109.594,32.214,,147.439,124.464,22.975,,151.866,149.116,2.75,,147.931,150.164,-2.233
491,112.734,63.53,49.204,,88.152,65.28,22.872,,491,281.824,284.121,-2.297,,312.287,286.577,25.71,,491,169.14,128.729,40.411,,136.619,136.056,0.563,,151.859,148.956,2.903,,264.573,149.453,115.12
493,116.922,67.942,48.98,,100.583,76.421,24.162,,493,281.537,284.011,-2.474,,281.316,283.283,-1.967,,493,171.17,147.91,23.26,,124.876,124.98,-0.104,,151.843,149.073,2.77,,247.343,149.813,97.53
495,104.186,67.797,36.389,,102.705,63.591,39.114,,495,318.438,284.077,34.361,,281.592,287.931,-6.339,,495,161.805,137.389,24.416,,146.775,129.96,16.815,,151.754,149.01,2.744,,285.833,150.143,135.69
497,94.195,67.271,26.924,,109.965,67.131,42.834,,497,281.863,289.864,-8.001,,281.257,283.262,-2.005,,497,163.471,123.837,39.634,,156.293,136.179,20.114,,156.164,148.928,7.236,,218.221,150.855,67.366
499,111.287,73.275,38.012,,111.234,77.834,33.4,,499,296.683,284.011,12.672,,281.314,285.339,-4.025,,499,173.664,142.431,31.233,,143.806,141.852,1.954,,155.039,149.335,5.704,,175.089,154.815,20.274
501,123.843,59.682,64.161,,94.397,59.482,34.915,,501,282.317,285.039,-2.722,,281.879,282.844,-0.965,,501,172.513,147.406,25.107,,127.054,141.705,-14.651,,162.165,149.748,12.417,,148.916,152.57,-3.654
503,118.819,69.952,48.867,,108.886,60.113,48.773,,503,313.482,284.615,28.867,,286.614,284.817,1.797,,503,319.996,146.756,173.24,,161.278,91.853,69.425,,263.094,149.414,113.68,,158.249,152.138,6.111
505,127.361,66.943,60.418,,99.536,68.233,31.303,,505,281.615,284.712,-3.097,,281.407,295.184,-13.777,,505,170.285,135.19,35.095,,154.226,126.076,28.15,,182.114,149.612,32.502,,149.089,149.63,-0.541
507,125.253,66.145,59.108,,95.648,73.159,22.489,,507,281.828,293.341,-11.513,,303.966,288.57,15.396,,507,172.649,137.168,35.481,,137.975,145.118,-7.143,,168.607,149.591,19.016,,153.935,149.246,4.689
509,122.837,78.561,44.276,,97.083,66.113,30.97,,509,281.532,284.528,-2.996,,281.388,294.535,-13.147,,509,144.757,155.37,-10.613,,174.77,146.979,27.791,,160.904,150.176,10.728,,149.449,149.735,-0.286
511,124.394,72.366,52.028,,120.083,72.345,47.738,,511,281.71,302.183,-20.473,,298.797,291.417,7.38,,511,134.241,137.564,-3.323,,159.805,125.335,34.47,,152.501,149.714,2.787,,148.718,148.943,-0.225
513,118.607,84.204,34.403,,111.707,67.267,44.44,,513,281.765,284.031,-2.266,,340.829,291.488,49.341,,513,162.119,140.177,21.942,,167.217,121.179,46.038,,152.079,149.596,2.483,,286.775,148.271,138.504
515,127.358,68.649,58.709,,101.942,68.18,33.762,,515,282.213,313.815,-31.602,,281.367,297.308,-15.941,,515,161.214,139.055,22.159,,140.129,134.814,5.315,,152.223,150.024,2.199,,149.155,148.17,0.985
517,134.213,69.82,64.393,,123.537,72.217,51.32,,517,281.486,294.287,-12.801,,281.34,292.2,-10.86,,517,169.656,152.934,16.722,,155.56,146.961,8.599,,152.031,149.495,2.536,,167.922,147.943,19.979
519,123.856,83.843,40.013,,100.771,72.486,28.285,,519,281.711,285.892,-4.181,,281.419,297.437,-16.018,,519,168.127,147.284,20.843,,159.298,129.783,29.515,,152.135,149.481,2.654,,148.823,147.791,1.032
521,137.526,79.607,57.919,,105.671,72.129,33.542,,521,281.626,300.735,-19.109,,331.454,299.461,31.993,,521,177.364,147.867,29.497,,143.806,110.303,33.503,,152.423,148.898,3.525,,148.584,147.793,0.791
523,144.412,72.036,72.376,,114.842,69.465,45.377,,523,282.893,284.229,-1.336,,296.493,292.944,3.549,,523,181.047,152.707,28.34,,161.14,142.443,18.697,,152.428,149.158,3.27,,280.37,147.855,132.515
525,132.829,70.283,62.546,,117.462,71.351,46.111,,525,323.371,292.868,30.503,,307.501,290.802,16.699,,525,166.8,153.454,13.346,,158.59,141.83,16.76,,214.937,148.915,66.022,,149.722,147.673,2.049
527,150.117,82.823,67.294,,101.407,74.648,26.759,,527,281.619,284.06,-2.441,,281.391,292.053,-10.662,,527,183.615,140.476,43.139,,154.105,132.528,21.577,,152.273,148.676,3.597,,148.539,147.698,0.841
529,139.632,74.653,64.979,,131.349,70.395,60.954,,529,392.781,284.375,108.406,,282.415,293.668,-11.253,,529,175.822,149.304,26.518,,144.897,133.446,11.451,,161.722,148.344,13.378,,149.357,147.875,1.482
531,125.439,54.757,70.682,,121.554,70.097,51.457,,531,286.935,284.071,2.864,,314.719,290.775,23.944,,531,165.967,155.755,10.212,,160.053,148.89,11.163,,156.2,148.47,7.73,,148.702,147.618,1.084
533,128.993,61.87,67.123,,118.82,69.78,49.04,,533,306.181,284.956,21.225,,281.35,293.362,-12.012,,533,172.529,156.22,16.309,,160.604,145.395,15.209,,153.417,148.856,4.561,,148.94,147.64,1.3
535,112.973,72.141,40.832,,146.992,76.145,70.847,,535,290.328,284.137,6.191,,283.146,295.02,-11.874,,535,177.527,150.057,27.47,,153.096,127.226,25.87,,161.744,148.713,13.031,,149.134,147.83,1.304
537,114.374,79.728,34.646,,119.761,74.57,45.191,,537,290.39,284.52,5.87,,287.618,290.905,-3.287,,537,171.391,146.069,25.322,,145.544,139.335,6.209,,157.547,149.491,8.056,,149.17,148.875,0.295
539,111.841,85.788,26.053,,124.252,67.13,57.122,,539,334.451,293.365,41.086,,281.638,294.101,-12.463,,539,178.545,155.338,23.207,,156.239,155.67,0.569,,154.485,148.543,5.942,,153.557,149.472,4.085
541,124.196,85.376,38.82,,114.758,73.239,41.519,,541,290.266,292.888,-2.622,,281.823,291.809,-9.986,,541,183.337,149.978,33.359,,163.251,136.432,26.819,,162.679,148.837,13.842,,233.234,151.146,82.088
543,130.002,77.078,52.924,,118.015,65.562,52.453,,543,290.585,292.854,-2.269,,282.498,294.607,-12.109,,543,185.6,154.38,31.22,,138.68,123.719,14.961,,152.909,149.117,3.792,,149.103,150.465,-1.362
545,128.086,79.428,48.658,,118.943,86.58,32.363,,545,290.396,293.361,-2.965,,281.541,295.844,-14.303,,545,180.196,132.968,47.228,,162.657,150.496,12.161,,269.547,149.122,120.425,,149.176,149.348,-0.172
547,133.956,65.844,68.112,,125.442,90.995,34.447,,547,317.999,301.033,16.966,,281.402,292.486,-11.084,,547,176.034,149.454,26.58,,168.325,162.307,6.018,,156.178,148.687,7.491,,148.911,149.882,-0.971
549,142.065,84.759,57.306,,131.032,84.475,46.557,,549,290.296,292.967,-2.671,,328.513,293.101,35.412,,549,192.561,165.348,27.213,,167.704,140.428,27.276,,152.701,149.047,3.654,,257.687,151.637,106.05
551,122.513,65.949,56.564,,133.774,78.179,55.595,,551,305.939,292.807,13.132,,281.333,298.746,-17.413,,551,177.787,150.599,27.188,,159.353,137.882,21.471,,200.534,148.885,51.649,,149.128,152.816,-3.688
553,125.938,70.748,55.19,,123.469,77.527,45.942,,553,401.971,292.972,108.999,,283.337,292.234,-8.897,,553,170.796,113.196,57.6,,153.294,158.014,-4.72,,163.498,148.831,14.667,,155.777,152.121,3.656
555,136.393,73.987,62.406,,132.634,78.26,54.374,,555,290.282,296.165,-5.883,,323.967,294.68,29.287,,555,181.724,159.361,22.363,,166.75,146.519,20.231,,152.883,149.258,3.625,,149.686,156.93,-7.244
557,145.352,88.626,56.726,,129.057,68.746,60.311,,557,290.242,301.182,-10.94,,288.479,293.182,-4.703,,557,186.647,163.748,22.899,,156.025,146.173,9.852,,152.437,148.535,3.902,,198.197,151.719,46.478
559,136.471,73.162,63.309,,121.827,65.457,56.37,,559,291.044,292.908,-1.864,,316.922,297.772,19.15,,559,150.275,104.269,46.006,,262.758,153.17,109.588,,152.97,148.814,4.156,,212.397,158.574,53.823
561,135.677,56.795,78.882,,136.204,70.468,65.736,,561,291.473,293.026,-1.553,,281.355,296.373,-15.018,,561,177.422,162.61,14.812,,176.657,153.641,23.016,,345.292,148.299,196.993,,248.661,154.23,94.431
563,145.416,83.016,62.4,,144.655,66.696,77.959,,563,339.964,295.796,44.168,,286.073,293.825,-7.752,,563,180.472,173.228,7.244,,161.887,151.415,10.472,,152.137,148.387,3.75,,230.014,152.517,77.497
565,157.949,73.333,84.616,,122.815,84.061,38.754,,565,290.262,292.984,-2.722,,281.445,293.259,-11.814,,565,184.604,155.723,28.881,,136.614,144.537,-7.923,,184.387,148.247,36.14,,278.532,151.478,127.054
567,142.052,79.251,62.801,,116.226,87.854,28.372,,567,290.811,295.745,-4.934,,284.097,293.303,-9.206,,567,182.376,150.242,32.134,,174.231,147.69,26.541,,151.488,148.388,3.1,,158.044,151.874,6.17
569,137.574,83.465,54.109,,148.625,71.159,77.466,,569,293.38,293.537,-0.157,,282.142,297.945,-15.803,,569,189.686,171.154,18.532,,171.996,163.702,8.294,,171.109,148.283,22.826,,209.673,152.976,56.697
571,137.904,82.79,55.114,,117.384,80.26,37.124,,571,295.046,292.85,2.196,,284.852,292.529,-7.677,,571,194.003,165.821,28.182,,198.666,157.546,41.12,,167.195,148.174,19.021,,223.659,152.483,71.176
573,122.924,90.914,32.01,,135.709,84.379,51.33,,573,293.411,292.877,0.534,,282.319,294.025,-11.706,,573,156.715,154.804,1.911,,166.38,131.179,35.201,,155.633,148.442,7.191,,148.564,150.333,-1.769
575,141.238,80.562,60.676,,129.137,66.088,63.049,,575,293.377,292.85,0.527,,281.476,294.759,-13.283,,575,198.006,168.933,29.073,,177.026,152.371,24.655,,172.968,148.53,24.438,,150.564,149.802,0.762
577,136.919,73.302,63.617,,133.547,71.123,62.424,,577,524.139,292.871,231.268,,282.057,296.213,-14.156,,577,252.152,167.449,84.703,,150.906,165.104,-14.198,,153.979,148.412,5.567,,148.97,149.652,-0.682
579,136.276,84.452,51.824,,136.375,73.393,62.982,,579,293.516,282.344,11.172,,281.536,291.492,-9.956,,579,152.721,166.974,-14.253,,146.471,160.131,-13.66,,311.224,148.619,162.605,,216.676,148.936,67.74
581,143.722,82.216,61.506,,130.241,78.768,51.473,,581,293.133,281.104,12.029,,345.27,293.195,52.075,,581,187.774,137.348,50.426,,179.564,139.411,40.153,,151.932,148.687,3.245,,221.482,150.068,71.414
583,147.26,71.969,75.291,,140.577,72.013,68.564,,583,293.196,281.186,12.01,,281.32,291.597,-10.277,,583,205.485,165.842,39.643,,168.958,154.633,14.325,,222.252,148.382,73.87,,148.641,149.984,-1.343
585,155.538,70.154,85.384,,123.864,77.346,46.518,,585,293.168,281.157,12.011,,284.976,299.221,-14.245,,585,189.785,164.557,25.228,,179.623,161.964,17.659,,151.076,148.241,2.835,,160.795,151.192,9.603
587,157.127,68.809,88.318,,146.491,76.837,69.654,,587,293.291,303.53,-10.239,,281.9,296.982,-15.082,,587,196.995,164.017,32.978,,175.551,151.668,23.883,,151.631,147.894,3.737,,189.645,149.153,40.492
589,133.771,88.407,45.364,,129.562,82.668,46.894,,589,293.404,281.182,12.222,,338.599,294.432,44.167,,589,202.237,166.258,35.979,,162.809,154.958,7.851,,152.008,148.372,3.636,,148.483,150.043,-1.56
591,136.12,61.664,74.456,,132.41,69.044,63.366,,591,296.389,281.157,15.232,,290.11,293.405,-3.295,,591,184.848,178.658,6.19,,161.128,169.615,-8.487,,155.572,148.361,7.211,,260.708,149.341,111.367
593,142.441,89.939,52.502,,135.299,82.988,52.311,,593,293.382,281.193,12.189,,290.217,287.327,2.89,,593,186.412,170.131,16.281,,172.984,162.122,10.862,,152.35,148.978,3.372,,327.866,148.911,178.955
595,144.49,86.885,57.605,,125.05,77.073,47.977,,595,293.464,281.077,12.387,,290.388,283.579,6.809,,595,206.207,154.164,52.043,,233.493,153.345,80.148,,153.194,153.475,-0.281,,166.426,148.914,17.512
597,143.855,80.421,63.434,,142.84,79.347,63.493,,597,334.903,281.369,53.534,,290.188,284.845,5.343,,597,205.205,171.928,33.277,,231.047,150.752,80.295,,154.81,149.18,5.63,,152.013,149.7,2.313
599,153.968,88.134,65.834,,148.136,74.602,73.534,,599,293.198,280.991,12.207,,290.875,268.597,22.278,,599,185.043,182.528,2.515,,179.585,162.375,17.21,,153.554,148.593,4.961,,148.352,150.295,-1.943
601,157.85,88.513,69.337,,152.715,79.931,72.784,,601,300.874,281.547,19.327,,318.306,270.905,47.401,,601,203.483,144.396,59.087,,183.103,144.479,38.624,,188.794,148.512,40.282,,149.502,149.159,0.343
603,150.694,88.827,61.867,,195.725,74.237,121.488,,603,301.399,281.239,20.16,,290.185,269.25,20.935,,603,199.21,161.12,38.09,,155.759,162.693,-6.934,,152.926,148.238,4.688,,177.636,150.9,26.736
605,145.192,87.867,57.325,,146.475,89.079,57.396,,605,293.179,281.031,12.148,,290.915,270.634,20.281,,605,177.665,179.78,-2.115,,177.21,170.591,6.619,,159.358,147.901,11.457,,193.737,149.524,44.213
607,169.31,84.563,84.747,,143.006,84.648,58.358,,607,391.875,296.443,95.432,,290.915,267.867,23.048,,607,200.032,160.413,39.619,,188.231,164.452,23.779,,302.939,148.286,154.653,,150.768,148.986,1.782
609,171.466,76.556,94.91,,144.429,81.233,63.196,,609,310.664,292.913,17.751,,290.122,268.344,21.778,,609,286.901,153.846,133.055,,165.11,156.213,8.897,,152.632,148.297,4.335,,149.349,148.876,0.473
611,143.917,82.807,61.11,,158.129,78.481,79.648,,611,293.594,281.555,12.039,,293.273,267.741,25.532,,611,187.727,189.692,-1.965,,160.748,164.556,-3.808,,152.397,149.052,3.345,,232.34,150.868,81.472
613,172.872,90.158,82.714,,161.006,84.46,76.546,,613,293.213,281.256,11.957,,290.176,274.525,15.651,,613,199.574,172.316,27.258,,200.411,167.678,32.733,,152.334,148.875,3.459,,149.973,149.166,0.807
615,158.232,84.64,73.592,,161.04,76.59,84.45,,615,293.319,281.126,12.193,,291.546,273.513,18.033,,615,194.029,166.556,27.473,,167.786,158.068,9.718,,154.045,149.261,4.784,,199.787,151.08,48.707
617,155.425,82.8,72.625,,146.348,90.622,55.726,,617,293.46,281.173,12.287,,291.473,270.595,20.878,,617,187.57,155.926,31.644,,341.401,152.423,188.978,,151.435,148.372,3.063,,394.318,148.418,245.9
619,169.528,63.705,105.823,,132.243,77.298,54.945,,619,344.179,281.492,62.687,,370.149,271.404,98.745,,619,212.119,174.107,38.012,,182.961,157.832,25.129,,172.583,148.318,24.265,,269.243,148.674,120.569
621,137.55,96.584,40.966,,141.919,86.933,54.986,,621,293.146,281.2,11.946,,286.065,272.527,13.538,,621,211.867,176.089,35.778,,148.531,173.684,-25.153,,151.822,148.815,3.007,,171.344,148.981,22.363
623,154.003,96.737,57.266,,136.097,85.528,50.569,,623,490.649,281.178,209.471,,281.396,268.769,12.627,,623,188.43,160.217,28.213,,180.476,144.943,35.533,,190.311,148.438,41.873,,155.597,148.97,6.627
625,154.596,85.492,69.104,,151.238,98.976,52.262,,625,307.979,281.187,26.792,,281.511,269.793,11.718,,625,203.594,188.068,15.526,,188.977,170.154,18.823,,232.327,149.295,83.032,,149.689,148.714,0.975
627,147.936,95.526,52.41,,154.096,84.929,69.167,,627,293.147,281.16,11.987,,308.491,267.668,40.823,,627,205.191,169.886,35.305,,158.105,189.236,-31.131,,152.001,149.053,2.948,,286.321,149.256,137.065
629,146.514,74.363,72.151,,161.864,78.027,83.837,,629,303.384,282.544,20.84,,282.958,268.427,14.531,,629,312.265,165.581,146.684,,178.702,150.66,28.042,,207.671,149.546,58.125,,151.122,148.786,2.336
631,154.044,91.988,62.056,,151.625,85.998,65.627,,631,293.35,281.15,12.2,,281.845,270.383,11.462,,631,205.117,183.744,21.373,,344.354,158.031,186.323,,247.4,148.774,98.626,,202.339,149.257,53.082
633,149.494,87.07,62.424,,153.954,89.835,64.119,,633,296.142,281.17,14.972,,505.667,269.516,236.151,,633,193.251,182.473,10.778,,179.93,182.593,-2.663,,152.775,148.789,3.986,,255.81,149.115,106.695
635,143.179,87.997,55.182,,152.617,88.41,64.207,,635,297.455,281.167,16.288,,281.644,268.975,12.669,,635,198.319,166.15,32.169,,185.528,170.724,14.804,,152.829,148.147,4.682,,226.125,149.557,76.568
637,172.809,84.397,88.412,,148.833,93.557,55.276,,637,294.154,281.16,12.994,,281.361,267.808,13.553,,637,211.758,181.402,30.356,,187.108,156.828,30.28,,270.081,149.202,120.879,,221.903,148.791,73.112
639,160.481,93.953,66.528,,161.393,96.015,65.378,,639,294.799,281.306,13.493,,281.368,271.055,10.313,,639,385.212,193.339,191.873,,184.914,184.019,0.895,,152.622,148.643,3.979,,219.705,149.63,70.075
641,151.622,80.839,70.783,,143.869,96.927,46.942,,641,294.605,281.111,13.494,,281.331,268.112,13.219,,641,202.621,142.436,60.185,,191.781,164.197,27.584,,152.024,147.824,4.2,,178.465,148.738,29.727
643,166.309,87.433,78.876,,160.459,95.719,64.74,,643,293.25,281.241,12.009,,281.498,269.325,12.173,,643,210.785,165.252,45.533,,204.235,171.144,33.091,,153.747,148.345,5.402,,164.702,149.168,15.534
645,176.675,88.225,88.45,,210.599,75.653,134.946,,645,517.448,281.047,236.401,,287.074,272.305,14.769,,645,191.331,190.417,0.914,,191.355,166.421,24.934,,153.112,149.049,4.063,,151.122,148.813,2.309
647,172.075,92.489,79.586,,209.195,100.248,108.947,,647,340.369,281.176,59.193,,281.423,269.791,11.632,,647,221.134,175.582,45.552,,293.144,173.217,119.927,,153.409,147.555,5.854,,216.65,149.501,67.149
649,153.777,92.147,61.63,,150.405,93.754,56.651,,649,321.66,281.189,40.471,,284.997,273.087,11.91,,649,214.35,181.093,33.257,,193.869,165.274,28.595,,238.144,147.451,90.693,,161.366,148.911,12.455
651,151.41,90.943,60.467,,146.893,81.483,65.41,,651,293.622,281.19,12.432,,281.698,267.356,14.342,,651,204.4,193.941,10.459,,175.144,170.601,4.543,,154.593,147.421,7.172,,213.227,148.561,64.666
653,167.058,106.766,60.292,,138.014,86.211,51.803,,653,357.403,281.102,76.301,,500.368,272.74,227.628,,653,222.907,187.817,35.09,,194.881,185.697,9.184,,154.215,147.897,6.318,,149.671,149.617,0.054
655,157.446,96.397,61.049,,142.804,90.551,52.253,,655,293.284,281.366,11.918,,281.414,268.646,12.768,,655,210.652,180.636,30.016,,204.139,174.014,30.125,,164.704,148.38,16.324,,149.803,148.779,1.024
657,141.937,103.094,38.843,,153.987,110.647,43.34,,657,293.15,281.263,11.887,,281.386,274.097,7.289,,657,212.983,195.935,17.048,,177.056,173.714,3.342,,161.78,146.953,14.827,,169.304,150.422,18.882
659,152.753,96.531,56.222,,152.172,74.61,77.562,,659,293.173,281.215,11.958,,281.401,273.428,7.973,,659,304.76,196.06,108.7,,206.755,184.836,21.919,,341.761,149.626,192.135,,213.941,148.79,65.151
661,153.162,98.158,55.004,,167.066,95.28,71.786,,661,293.996,281.144,12.852,,281.542,268.322,13.22,,661,211.552,169.249,42.303,,203.736,174.272,29.464,,168.172,148.034,20.138,,149.907,149.861,0.046
663,167.497,103.975,63.522,,152.893,91.01,61.883,,663,293.419,281.117,12.302,,281.48,268.749,12.731,,663,195.952,200.693,-4.741,,178.492,172.613,5.879,,202.33,148.147,54.183,,149.729,149.857,-0.128
665,170.597,99.293,71.304,,149.494,85.542,63.952,,665,298.172,281.223,16.949,,308.206,268.718,39.488,,665,222.301,195.837,26.464,,189.775,172.971,16.804,,154.047,148.342,5.705,,158.845,149.106,9.739
667,161.686,91.09,70.596,,145.944,85.092,60.852,,667,297.745,281.222,16.523,,281.396,267.256,14.14,,667,216.399,172.952,43.447,,195.098,194.715,0.383,,154.166,148.606,5.56,,245.533,150.182,95.351
669,146.506,100.251,46.255,,145.726,92.989,52.737,,669,293.6,281.209,12.391,,281.488,267.91,13.578,,669,201.754,164.975,36.779,,170.064,170.666,-0.602,,154.342,148.533,5.809,,242.422,149.018,93.404
671,151.553,88.209,63.344,,152.552,91.19,61.362,,671,294.933,281.191,13.742,,283.169,278.844,4.325,,671,345.61,201.311,144.299,,200.812,166.537,34.275,,198.563,148.554,50.009,,211.863,149.254,62.609
673,150.731,91.069,59.662,,154.728,88.582,66.146,,673,298.844,281.243,17.601,,284.531,297.238,-12.707,,673,218.253,162.371,55.882,,200.921,175.848,25.073,,153.839,147.501,6.338,,211.733,149.614,62.119
675,144.995,91.61,53.385,,152.773,96.054,56.719,,675,308.362,281.185,27.177,,284.35,294.34,-9.99,,675,227.643,200.49,27.153,,255.573,167.939,87.634,,220.079,147.698,72.381,,202.512,149.42,53.092
677,133.928,107.028,26.9,,156.42,83.169,73.251,,677,574.746,281.314,293.432,,285.082,294.927,-9.845,,677,227.718,204.776,22.942,,200.982,177.65,23.332,,162.791,147.865,14.926,,154.668,150.154,4.514
679,159.171,111.86,47.311,,161.517,108.585,52.932,,679,293.239,281.144,12.095,,286.429,295.642,-9.213,,679,215.744,164.244,51.5,,191.304,191.312,-0.008,,160.656,147.813,12.843,,253.8,149.926,103.874
681,148.952,105.907,43.045,,153.555,92.396,61.159,,681,293.279,281.199,12.08,,284.282,300.562,-16.28,,681,222.025,186.92,35.105,,174.171,177.893,-3.722,,154.757,148.368,6.389,,171.591,149.954,21.637
683,167.767,99.661,68.106,,172.114,82.993,89.121,,683,295.463,281.188,14.275,,368.986,295.72,73.266,,683,225.542,194.109,31.433,,226.734,174.691,52.043,,189.602,147.87,41.732,,150.396,148.335,2.061
685,161.655,98.726,62.929,,168.197,91.114,77.083,,685,336.75,281.217,55.533,,284.316,293.167,-8.851,,685,224.145,172.733,51.412,,196.546,198.946,-2.4,,255.664,148.989,106.675,,176.373,148.9,27.473
687,164.414,110.47,53.944,,153.679,89.12,64.559,,687,293.236,281.168,12.068,,284.422,293.722,-9.3,,687,226.672,186.667,40.005,,213.883,180.511,33.372,,211.089,148.435,62.654,,228.926,150.388,78.538
689,153.115,90.113,63.002,,151.067,100.345,50.722,,689,441.161,281.259,159.902,,284.236,295,-10.764,,689,246.54,211.864,34.676,,201.219,166.286,34.933,,157.894,148.633,9.261,,210.31,150.081,60.229
691,147.586,82.54,65.046,,165.186,85.588,79.598,,691,311.343,281.222,30.121,,435.043,317.332,117.711,,691,212.184,174.218,37.966,,197.784,186.046,11.738,,176.171,148.319,27.852,,191.399,149.536,41.863
693,261.649,103.979,157.67,,168.375,91.171,77.204,,693,291.12,281.301,9.819,,284.329,293.428,-9.099,,693,234.786,184.532,50.254,,262.808,175.892,86.916,,153.816,148.985,4.831,,239.029,149.685,89.344
695,186.398,91.75,94.648,,216.665,96.248,120.417,,695,290.454,281.117,9.337,,284.229,293.931,-9.702,,695,220.765,209.719,11.046,,190.257,160.426,29.831,,169.859,148.268,21.591,,151.983,149.978,2.005
697,146.845,106.388,40.457,,166.965,98.379,68.586,,697,290.563,281.224,9.339,,284.31,298.124,-13.814,,697,223.401,186.048,37.353,,203.025,185.478,17.547,,156.717,148.005,8.712,,181.873,148.685,33.188
699,148.716,91.275,57.441,,163.499,87.731,75.768,,699,291.063,281.156,9.907,,285.032,300.409,-15.377,,699,238.043,186.21,51.833,,210.152,202.307,7.845,,180.548,150.078,30.47,,165.848,150.468,15.38
701,161.21,95.129,66.081,,156.407,97.658,58.749,,701,429.531,281.273,148.258,,292.931,293.434,-0.503,,701,218.244,209.906,8.338,,203.348,166.296,37.052,,160.425,148.155,12.27,,158.842,149.596,9.246
703,165.994,92.981,73.013,,150.691,92.072,58.619,,703,290.425,281.179,9.246,,292.253,295.778,-3.525,,703,201.561,186.496,15.065,,200.624,178.282,22.342,,153.462,148.297,5.165,,317.795,150.315,167.48
705,149.719,88.804,60.915,,161.472,106.174,55.298,,705,290.706,281.277,9.429,,309.555,293.125,16.43,,705,233.509,185.994,47.515,,295.091,190.883,104.208,,176.299,149.371,26.928,,230.959,150.188,80.771
707,145.679,116.705,28.974,,138.334,104.3,34.034,,707,290.416,281.247,9.169,,287.844,291.98,-4.136,,707,283.855,199.383,84.472,,163.777,154.128,9.649,,153.745,147.766,5.979,,163.946,149.576,14.37
709,155.1,101.775,53.325,,148.616,97.827,50.789,,709,294.049,281.242,12.807,,356.703,287.799,68.904,,709,229.178,178.307,50.871,,243.303,181.572,61.731,,162.467,148.429,14.038,,238.182,150.765,87.417
711,140.904,102.284,38.62,,153.44,103.853,49.587,,711,291.511,281.197,10.314,,290.304,281.895,8.409,,711,189.665,188.468,1.197,,205.224,192.029,13.195,,319.103,149.387,169.716,,168.731,150.491,18.24
713,149.932,111.92,38.012,,142.33,110.085,32.245,,713,290.46,281.312,9.148,,290.214,282.695,7.519,,713,206.903,197.96,8.943,,183.357,159.596,23.761,,205.866,149.112,56.754,,200.297,150.51,49.787
715,156.592,96.287,60.305,,146.99,105.602,41.388,,715,290.813,281.167,9.646,,291.773,281.517,10.256,,715,230.2,177.189,53.011,,208.828,184.968,23.86,,154.287,151.757,2.53,,168.231,150.716,17.515
717,166.32,95.481,70.839,,245.267,100.17,145.097,,717,291.121,281.267,9.854,,291.267,281.909,9.358,,717,199.026,183.296,15.73,,195.695,198.018,-2.323,,155.344,149.196,6.148,,220.81,149.476,71.334
719,152.177,108.598,43.579,,284.521,100.936,183.585,,719,290.527,281.188,9.339,,293.001,282.426,10.575,,719,219.997,203.602,16.395,,241.216,153.1,88.116,,195.877,148.873,47.004,,162.401,149.092,13.309
721,163.453,106.631,56.822,,199.418,101.613,97.805,,721,325.247,281.251,43.996,,418.632,282.066,136.566,,721,233.956,182.982,50.974,,201.05,191.01,10.04,,155.632,149.203,6.429,,169.289,149.845,19.444
723,156.249,113.498,42.751,,136.537,105.15,31.387,,723,290.684,281.287,9.397,,290.304,283.532,6.772,,723,301.645,194.293,107.352,,198.114,194.333,3.781,,154.849,148.303,6.546,,201.217,149.047,52.17
725,147.221,105.714,41.507,,133.637,117.287,16.35,,725,292.782,286.388,6.394,,290.298,282.195,8.103,,725,221.312,204.481,16.831,,208.164,147.605,60.559,,328.107,149.705,178.402,,226.656,148.891,77.765
727,153.61,103.785,49.825,,140.459,122.705,17.754,,727,293.338,289.838,3.5,,290.347,282.632,7.715,,727,224.031,168.136,55.895,,234.677,192.604,42.073,,154.836,150.039,4.797,,267.825,149.37,118.455
729,163.411,104.401,59.01,,164.054,113.746,50.308,,729,293.316,290.03,3.286,,304.596,284.116,20.48,,729,239.109,195.35,43.759,,193.09,187.542,5.548,,205.052,149.189,55.863,,176.44,148.819,27.621
731,170.521,106.918,63.603,,163.161,98.017,65.144,,731,299.043,290.087,8.956,,290.492,281.993,8.499,,731,230.383,199.211,31.172,,213.08,168.035,45.045,,165.156,148.165,16.991,,307.594,148.647,158.947
733,159.693,98.79,60.903,,138.852,109.409,29.443,,733,410.667,289.942,120.725,,290.277,286.214,4.063,,733,222.011,178.895,43.116,,182.549,185.482,-2.933,,166.123,148.987,17.136,,319.68,148.908,170.772
735,158.332,109.525,48.807,,148.229,90.005,58.224,,735,293.46,290.017,3.443,,293.61,287.341,6.269,,735,216.952,180.242,36.71,,204.862,179.027,25.835,,153.746,149.559,4.187,,200.291,150.187,50.104
737,480.531,119.9,360.631,,138.508,96.916,41.592,,737,293.749,290.042,3.707,,292.375,283.613,8.762,,737,223.385,200.532,22.853,,254.07,165,89.07,,165.189,149.837,15.352,,169.196,149.942,19.254
739,540.542,101.447,439.095,,161.521,98.79,62.731,,739,293.264,289.972,3.292,,385.292,283.214,102.078,,739,216.469,181.188,35.281,,187.555,196.897,-9.342,,162.717,150.63,12.087,,200.776,150.176,50.6
741,170.493,109.178,61.315,,164.932,118.859,46.073,,741,296.644,289.92,6.724,,290.646,282.421,8.225,,741,218.235,190.973,27.262,,212.78,178.804,33.976,,364.442,148.621,215.821,,152.028,148.666,3.362
743,212.218,116.147,96.071,,172.633,114.035,58.598,,743,293.451,290.049,3.402,,290.223,287.939,2.284,,743,218.596,200.921,17.675,,177.964,175.587,2.377,,167.88,149.459,18.421,,311.556,149.566,161.99
745,294.968,97.246,197.722,,332.444,102.361,230.083,,745,293.761,290.152,3.609,,290.397,283.239,7.158,,745,293.906,176.746,117.16,,193.856,189.042,4.814,,170.434,149.142,21.292,,153.557,149.227,4.33
747,182.245,105.887,76.358,,149.028,113.636,35.392,,747,299.854,289.981,9.873,,290.564,282.414,8.15,,747,190.059,187.716,2.343,,209.886,163.518,46.368,,157.186,148.967,8.219,,163.477,148.874,14.603
749,142.192,119.996,22.196,,148.849,101.143,47.706,,749,293.413,290.094,3.319,,290.285,282.653,7.632,,749,227.317,192.972,34.345,,172.058,180.307,-8.249,,157.093,148.978,8.115,,243.742,150.327,93.415
Sun Mar 15 16:57:35 2015,,,,,,,,,Sun Mar 15 03:20:50 2015,,,,,,,,,,,,,,,,,,,,,,,,
